__time,/turtle1/cmd_vel/angular/x,/turtle1/cmd_vel/angular/y,/turtle1/cmd_vel/angular/z,/turtle1/cmd_vel/linear/x,/turtle1/cmd_vel/linear/y,/turtle1/cmd_vel/linear/z,/turtle2/cmd_vel/angular/x,/turtle2/cmd_vel/angular/y,/turtle2/cmd_vel/angular/z,/turtle2/cmd_vel/linear/x,/turtle2/cmd_vel/linear/y,/turtle2/cmd_vel/linear/z
1396293888.886,,,,,,,0.000000,0.000000,-1.286809,1.723382,0.000000,0.000000
1396293888.985,,,,,,,0.000000,0.000000,-0.764631,1.629651,0.000000,0.000000
1396293889.085,,,,,,,0.000000,0.000000,-0.500797,1.552347,0.000000,0.000000
1396293889.185,,,,,,,0.000000,0.000000,-0.328047,1.478210,0.000000,0.000000
1396293889.286,,,,,,,0.000000,0.000000,-0.214902,1.407410,0.000000,0.000000
1396293889.385,,,,,,,0.000000,0.000000,-0.036581,1.338300,0.000000,0.000000
1396293889.454,0.000000,0.000000,0.000000,2.000000,0.000000,0.000000,,,,,,
1396293889.485,,,,,,,0.000000,0.000000,0.255371,1.307171,0.000000,0.000000
1396293889.586,,,,,,,0.000000,0.000000,0.444170,1.284017,0.000000,0.000000
1396293889.686,,,,,,,0.000000,0.000000,0.562077,1.268411,0.000000,0.000000
1396293889.785,,,,,,,0.000000,0.000000,0.641161,1.258767,0.000000,0.000000
1396293889.885,,,,,,,0.000000,0.000000,0.668747,1.257010,0.000000,0.000000
1396293889.955,0.000000,0.000000,0.000000,2.000000,0.000000,0.000000,,,,,,
1396293889.986,,,,,,,0.000000,0.000000,0.673503,1.260397,0.000000,0.000000
1396293889.987,0.000000,0.000000,0.000000,2.000000,0.000000,0.000000,,,,,,
1396293890.017,0.000000,0.000000,0.000000,2.000000,0.000000,0.000000,,,,,,
1396293890.047,0.000000,0.000000,0.000000,2.000000,0.000000,0.000000,,,,,,
1396293890.078,0.000000,0.000000,0.000000,2.000000,0.000000,0.000000,,,,,,
1396293890.086,,,,,,,0.000000,0.000000,0.662062,1.268093,0.000000,0.000000
1396293890.108,0.000000,0.000000,0.000000,2.000000,0.000000,0.000000,,,,,,
1396293890.138,0.000000,0.000000,0.000000,2.000000,0.000000,0.000000,,,,,,
1396293890.168,0.000000,0.000000,0.000000,2.000000,0.000000,0.000000,,,,,,
1396293890.185,,,,,,,0.000000,0.000000,0.634082,1.281536,0.000000,0.000000
1396293890.199,0.000000,0.000000,0.000000,2.000000,0.000000,0.000000,,,,,,
1396293890.229,0.000000,0.000000,0.000000,2.000000,0.000000,0.000000,,,,,,
1396293890.260,0.000000,0.000000,0.000000,2.000000,0.000000,0.000000,,,,,,
1396293890.286,,,,,,,0.000000,0.000000,0.603704,1.296121,0.000000,0.000000
1396293890.291,0.000000,0.000000,0.000000,2.000000,0.000000,0.000000,,,,,,
1396293890.321,0.000000,0.000000,0.000000,2.000000,0.000000,0.000000,,,,,,
1396293890.352,0.000000,0.000000,0.000000,2.000000,0.000000,0.000000,,,,,,
1396293890.382,0.000000,0.000000,0.000000,2.000000,0.000000,0.000000,,,,,,
1396293890.385,,,,,,,0.000000,0.000000,0.569218,1.312898,0.000000,0.000000
1396293890.412,0.000000,0.000000,0.000000,2.000000,0.000000,0.000000,,,,,,
1396293890.442,0.000000,0.000000,0.000000,2.000000,0.000000,0.000000,,,,,,
1396293890.472,0.000000,0.000000,0.000000,2.000000,0.000000,0.000000,,,,,,
1396293890.486,,,,,,,0.000000,0.000000,0.532426,1.331275,0.000000,0.000000
1396293890.502,0.000000,0.000000,0.000000,2.000000,0.000000,0.000000,,,,,,
1396293890.532,0.000000,0.000000,0.000000,2.000000,0.000000,0.000000,,,,,,
1396293890.563,0.000000,0.000000,0.000000,2.000000,0.000000,0.000000,,,,,,
1396293890.585,,,,,,,0.000000,0.000000,0.487662,1.354367,0.000000,0.000000
1396293890.594,0.000000,0.000000,0.000000,2.000000,0.000000,0.000000,,,,,,
1396293890.624,0.000000,0.000000,0.000000,2.000000,0.000000,0.000000,,,,,,
1396293890.654,0.000000,0.000000,0.000000,2.000000,0.000000,0.000000,,,,,,
1396293890.684,0.000000,0.000000,0.000000,2.000000,0.000000,0.000000,,,,,,
1396293890.686,,,,,,,0.000000,0.000000,0.451704,1.374949,0.000000,0.000000
1396293890.714,0.000000,0.000000,0.000000,2.000000,0.000000,0.000000,,,,,,
1396293890.744,0.000000,0.000000,0.000000,2.000000,0.000000,0.000000,,,,,,
1396293890.775,0.000000,0.000000,0.000000,2.000000,0.000000,0.000000,,,,,,
1396293890.786,,,,,,,0.000000,0.000000,0.417042,1.396079,0.000000,0.000000
1396293890.805,0.000000,0.000000,0.000000,2.000000,0.000000,0.000000,,,,,,
1396293890.835,0.000000,0.000000,0.000000,2.000000,0.000000,0.000000,,,,,,
1396293890.865,0.000000,0.000000,0.000000,2.000000,0.000000,0.000000,,,,,,
1396293890.886,,,,,,,0.000000,0.000000,0.384051,1.417440,0.000000,0.000000
1396293890.895,0.000000,0.000000,0.000000,2.000000,0.000000,0.000000,,,,,,
1396293890.925,0.000000,0.000000,0.000000,2.000000,0.000000,0.000000,,,,,,
1396293890.956,0.000000,0.000000,0.000000,2.000000,0.000000,0.000000,,,,,,
1396293890.985,,,,,,,0.000000,0.000000,0.346906,1.442523,0.000000,0.000000
1396293890.986,0.000000,0.000000,0.000000,2.000000,0.000000,0.000000,,,,,,
1396293891.016,0.000000,0.000000,0.000000,2.000000,0.000000,0.000000,,,,,,
1396293891.046,0.000000,0.000000,0.000000,2.000000,0.000000,0.000000,,,,,,
1396293891.076,0.000000,0.000000,0.000000,2.000000,0.000000,0.000000,,,,,,
1396293891.086,,,,,,,0.000000,0.000000,0.318871,1.463794,0.000000,0.000000
1396293891.107,0.000000,0.000000,0.000000,2.000000,0.000000,0.000000,,,,,,
1396293891.137,0.000000,0.000000,0.000000,2.000000,0.000000,0.000000,,,,,,
1396293891.158,0.000000,0.000000,2.000000,0.000000,0.000000,0.000000,,,,,,
1396293891.186,,,,,,,0.000000,0.000000,0.266062,1.454368,0.000000,0.000000
1396293891.286,,,,,,,0.000000,0.000000,0.174422,1.384752,0.000000,0.000000
1396293891.386,,,,,,,0.000000,0.000000,0.103838,1.307155,0.000000,0.000000
1396293891.486,,,,,,,0.000000,0.000000,0.068020,1.244421,0.000000,0.000000
1396293891.586,,,,,,,0.000000,0.000000,0.044567,1.184709,0.000000,0.000000
1396293891.660,0.000000,0.000000,2.000000,0.000000,0.000000,0.000000,,,,,,
1396293891.686,,,,,,,0.000000,0.000000,0.029201,1.127870,0.000000,0.000000
1396293891.690,0.000000,0.000000,2.000000,0.000000,0.000000,0.000000,,,,,,
1396293891.720,0.000000,0.000000,2.000000,0.000000,0.000000,0.000000,,,,,,
1396293891.751,0.000000,0.000000,2.000000,0.000000,0.000000,0.000000,,,,,,
1396293891.781,0.000000,0.000000,2.000000,0.000000,0.000000,0.000000,,,,,,
1396293891.786,,,,,,,0.000000,0.000000,0.017395,1.064667,0.000000,0.000000
1396293891.812,0.000000,0.000000,2.000000,0.000000,0.000000,0.000000,,,,,,
1396293891.842,0.000000,0.000000,2.000000,0.000000,0.000000,0.000000,,,,,,
1396293891.854,0.000000,0.000000,0.000000,2.000000,0.000000,0.000000,,,,,,
1396293891.886,,,,,,,0.000000,0.000000,0.136774,1.009391,0.000000,0.000000
1396293891.986,,,,,,,0.000000,0.000000,0.489936,0.954838,0.000000,0.000000
1396293892.086,,,,,,,0.000000,0.000000,0.742020,0.913424,0.000000,0.000000
1396293892.186,,,,,,,0.000000,0.000000,0.949002,0.881551,0.000000,0.000000
1396293892.286,,,,,,,0.000000,0.000000,1.052088,0.867889,0.000000,0.000000
1396293892.355,0.000000,0.000000,0.000000,2.000000,0.000000,0.000000,,,,,,
1396293892.386,,,,,,,0.000000,0.000000,1.104629,0.865444,0.000000,0.000000
1396293892.387,0.000000,0.000000,0.000000,2.000000,0.000000,0.000000,,,,,,
1396293892.417,0.000000,0.000000,0.000000,2.000000,0.000000,0.000000,,,,,,
1396293892.447,0.000000,0.000000,0.000000,2.000000,0.000000,0.000000,,,,,,
1396293892.477,0.000000,0.000000,0.000000,2.000000,0.000000,0.000000,,,,,,
1396293892.486,,,,,,,0.000000,0.000000,1.115974,0.872898,0.000000,0.000000
1396293892.508,0.000000,0.000000,0.000000,2.000000,0.000000,0.000000,,,,,,
1396293892.538,0.000000,0.000000,0.000000,2.000000,0.000000,0.000000,,,,,,
1396293892.568,0.000000,0.000000,0.000000,2.000000,0.000000,0.000000,,,,,,
1396293892.586,,,,,,,0.000000,0.000000,1.084780,0.891735,0.000000,0.000000
1396293892.599,0.000000,0.000000,0.000000,2.000000,0.000000,0.000000,,,,,,
1396293892.630,0.000000,0.000000,0.000000,2.000000,0.000000,0.000000,,,,,,
1396293892.661,0.000000,0.000000,0.000000,2.000000,0.000000,0.000000,,,,,,
1396293892.686,,,,,,,0.000000,0.000000,1.032272,0.914698,0.000000,0.000000
1396293892.692,0.000000,0.000000,0.000000,2.000000,0.000000,0.000000,,,,,,
1396293892.722,0.000000,0.000000,0.000000,2.000000,0.000000,0.000000,,,,,,
1396293892.752,0.000000,0.000000,0.000000,2.000000,0.000000,0.000000,,,,,,
1396293892.783,0.000000,0.000000,0.000000,2.000000,0.000000,0.000000,,,,,,
1396293892.786,,,,,,,0.000000,0.000000,0.963009,0.942259,0.000000,0.000000
1396293892.813,0.000000,0.000000,0.000000,2.000000,0.000000,0.000000,,,,,,
1396293892.843,0.000000,0.000000,0.000000,2.000000,0.000000,0.000000,,,,,,
1396293892.873,0.000000,0.000000,0.000000,2.000000,0.000000,0.000000,,,,,,
1396293892.886,,,,,,,0.000000,0.000000,0.885092,0.973244,0.000000,0.000000
1396293892.903,0.000000,0.000000,0.000000,2.000000,0.000000,0.000000,,,,,,
1396293892.933,0.000000,0.000000,0.000000,2.000000,0.000000,0.000000,,,,,,
1396293892.964,0.000000,0.000000,0.000000,2.000000,0.000000,0.000000,,,,,,
1396293892.985,,,,,,,0.000000,0.000000,0.787484,1.012439,0.000000,0.000000
1396293892.994,0.000000,0.000000,0.000000,2.000000,0.000000,0.000000,,,,,,
1396293893.026,0.000000,0.000000,0.000000,2.000000,0.000000,0.000000,,,,,,
1396293893.056,0.000000,0.000000,0.000000,2.000000,0.000000,0.000000,,,,,,
1396293893.086,,,,,,,0.000000,0.000000,0.708742,1.047274,0.000000,0.000000
1396293893.087,0.000000,0.000000,0.000000,2.000000,0.000000,0.000000,,,,,,
1396293893.117,0.000000,0.000000,0.000000,2.000000,0.000000,0.000000,,,,,,
1396293893.147,0.000000,0.000000,0.000000,2.000000,0.000000,0.000000,,,,,,
1396293893.177,0.000000,0.000000,0.000000,2.000000,0.000000,0.000000,,,,,,
1396293893.186,,,,,,,0.000000,0.000000,0.633988,1.082754,0.000000,0.000000
1396293893.208,0.000000,0.000000,0.000000,2.000000,0.000000,0.000000,,,,,,
1396293893.239,0.000000,0.000000,0.000000,2.000000,0.000000,0.000000,,,,,,
1396293893.269,0.000000,0.000000,0.000000,2.000000,0.000000,0.000000,,,,,,
1396293893.285,,,,,,,0.000000,0.000000,0.564935,1.118438,0.000000,0.000000
1396293893.300,0.000000,0.000000,0.000000,2.000000,0.000000,0.000000,,,,,,
1396293893.330,0.000000,0.000000,0.000000,2.000000,0.000000,0.000000,,,,,,
1396293893.360,0.000000,0.000000,0.000000,2.000000,0.000000,0.000000,,,,,,
1396293893.386,,,,,,,0.000000,0.000000,0.489538,1.159852,0.000000,0.000000
1396293893.391,0.000000,0.000000,0.000000,2.000000,0.000000,0.000000,,,,,,
1396293893.421,0.000000,0.000000,0.000000,2.000000,0.000000,0.000000,,,,,,
1396293893.452,0.000000,0.000000,0.000000,2.000000,0.000000,0.000000,,,,,,
1396293893.482,0.000000,0.000000,0.000000,2.000000,0.000000,0.000000,,,,,,
1396293893.486,,,,,,,0.000000,0.000000,0.435115,1.194654,0.000000,0.000000
1396293893.512,0.000000,0.000000,0.000000,2.000000,0.000000,0.000000,,,,,,
1396293893.542,0.000000,0.000000,0.000000,2.000000,0.000000,0.000000,,,,,,
1396293893.586,,,,,,,0.000000,0.000000,0.386604,1.228682,0.000000,0.000000
1396293893.590,0.000000,0.000000,2.000000,0.000000,0.000000,0.000000,,,,,,
1396293893.686,,,,,,,0.000000,0.000000,0.253391,1.169958,0.000000,0.000000
1396293893.785,,,,,,,0.000000,0.000000,0.151007,1.104515,0.000000,0.000000
1396293893.886,,,,,,,0.000000,0.000000,0.098899,1.051519,0.000000,0.000000
1396293893.986,,,,,,,0.000000,0.000000,0.064777,1.001056,0.000000,0.000000
1396293894.086,,,,,,,0.000000,0.000000,0.042414,0.952977,0.000000,0.000000
1396293894.091,0.000000,0.000000,2.000000,0.000000,0.000000,0.000000,,,,,,
1396293894.120,0.000000,0.000000,2.000000,0.000000,0.000000,0.000000,,,,,,
1396293894.151,0.000000,0.000000,2.000000,0.000000,0.000000,0.000000,,,,,,
1396293894.182,0.000000,0.000000,2.000000,0.000000,0.000000,0.000000,,,,,,
1396293894.186,,,,,,,0.000000,0.000000,0.025288,0.899625,0.000000,0.000000
1396293894.213,0.000000,0.000000,2.000000,0.000000,0.000000,0.000000,,,,,,
1396293894.244,0.000000,0.000000,2.000000,0.000000,0.000000,0.000000,,,,,,
1396293894.274,0.000000,0.000000,2.000000,0.000000,0.000000,0.000000,,,,,,
1396293894.286,,,,,,,0.000000,0.000000,0.016567,0.856453,0.000000,0.000000
1396293894.305,0.000000,0.000000,2.000000,0.000000,0.000000,0.000000,,,,,,
1396293894.336,0.000000,0.000000,2.000000,0.000000,0.000000,0.000000,,,,,,
1396293894.367,0.000000,0.000000,2.000000,0.000000,0.000000,0.000000,,,,,,
1396293894.386,,,,,,,0.000000,0.000000,0.010854,0.815349,0.000000,0.000000
1396293894.398,0.000000,0.000000,2.000000,0.000000,0.000000,0.000000,,,,,,
1396293894.428,0.000000,0.000000,2.000000,0.000000,0.000000,0.000000,,,,,,
1396293894.430,0.000000,0.000000,0.000000,2.000000,0.000000,0.000000,,,,,,
1396293894.486,,,,,,,0.000000,0.000000,0.238533,0.757870,0.000000,0.000000
1396293894.585,,,,,,,0.000000,0.000000,0.757492,0.684121,0.000000,0.000000
1396293894.686,,,,,,,0.000000,0.000000,1.086814,0.639685,0.000000,0.000000
1396293894.786,,,,,,,0.000000,0.000000,1.339653,0.613378,0.000000,0.000000
1396293894.886,,,,,,,0.000000,0.000000,1.508931,0.604930,0.000000,0.000000
1396293894.931,0.000000,0.000000,0.000000,2.000000,0.000000,0.000000,,,,,,
1396293894.962,0.000000,0.000000,0.000000,2.000000,0.000000,0.000000,,,,,,
1396293894.986,,,,,,,0.000000,0.000000,1.596776,0.615378,0.000000,0.000000
1396293894.993,0.000000,0.000000,0.000000,2.000000,0.000000,0.000000,,,,,,
1396293895.023,0.000000,0.000000,0.000000,2.000000,0.000000,0.000000,,,,,,
1396293895.053,0.000000,0.000000,0.000000,2.000000,0.000000,0.000000,,,,,,
1396293895.084,0.000000,0.000000,0.000000,2.000000,0.000000,0.000000,,,,,,
1396293895.086,,,,,,,0.000000,0.000000,1.576062,0.638469,0.000000,0.000000
1396293895.114,0.000000,0.000000,0.000000,2.000000,0.000000,0.000000,,,,,,
1396293895.145,0.000000,0.000000,0.000000,2.000000,0.000000,0.000000,,,,,,
1396293895.175,0.000000,0.000000,0.000000,2.000000,0.000000,0.000000,,,,,,
1396293895.186,,,,,,,0.000000,0.000000,1.490577,0.671223,0.000000,0.000000
1396293895.205,0.000000,0.000000,0.000000,2.000000,0.000000,0.000000,,,,,,
1396293895.235,0.000000,0.000000,0.000000,2.000000,0.000000,0.000000,,,,,,
1396293895.265,0.000000,0.000000,0.000000,2.000000,0.000000,0.000000,,,,,,
1396293895.286,,,,,,,0.000000,0.000000,1.363639,0.710653,0.000000,0.000000
1396293895.296,0.000000,0.000000,0.000000,2.000000,0.000000,0.000000,,,,,,
1396293895.327,0.000000,0.000000,0.000000,2.000000,0.000000,0.000000,,,,,,
1396293895.357,0.000000,0.000000,0.000000,2.000000,0.000000,0.000000,,,,,,
1396293895.386,,,,,,,0.000000,0.000000,1.185955,0.762092,0.000000,0.000000
1396293895.388,0.000000,0.000000,0.000000,2.000000,0.000000,0.000000,,,,,,
1396293895.418,0.000000,0.000000,0.000000,2.000000,0.000000,0.000000,,,,,,
1396293895.449,0.000000,0.000000,0.000000,2.000000,0.000000,0.000000,,,,,,
1396293895.479,0.000000,0.000000,0.000000,2.000000,0.000000,0.000000,,,,,,
1396293895.485,,,,,,,0.000000,0.000000,1.038021,0.808356,0.000000,0.000000
1396293895.509,0.000000,0.000000,0.000000,2.000000,0.000000,0.000000,,,,,,
1396293895.540,0.000000,0.000000,0.000000,2.000000,0.000000,0.000000,,,,,,
1396293895.571,0.000000,0.000000,0.000000,2.000000,0.000000,0.000000,,,,,,
1396293895.586,,,,,,,0.000000,0.000000,0.898121,0.855621,0.000000,0.000000
1396293895.601,0.000000,0.000000,0.000000,2.000000,0.000000,0.000000,,,,,,
1396293895.631,0.000000,0.000000,0.000000,2.000000,0.000000,0.000000,,,,,,
1396293895.662,0.000000,0.000000,0.000000,2.000000,0.000000,0.000000,,,,,,
1396293895.686,,,,,,,0.000000,0.000000,0.770917,0.902777,0.000000,0.000000
1396293895.692,0.000000,0.000000,0.000000,2.000000,0.000000,0.000000,,,,,,
1396293895.722,0.000000,0.000000,0.000000,2.000000,0.000000,0.000000,,,,,,
1396293895.753,0.000000,0.000000,0.000000,2.000000,0.000000,0.000000,,,,,,
1396293895.783,0.000000,0.000000,0.000000,2.000000,0.000000,0.000000,,,,,,
1396293895.786,,,,,,,0.000000,0.000000,0.637521,0.957364,0.000000,0.000000
1396293895.814,0.000000,0.000000,0.000000,2.000000,0.000000,0.000000,,,,,,
1396293895.844,0.000000,0.000000,0.000000,2.000000,0.000000,0.000000,,,,,,
1396293895.875,0.000000,0.000000,0.000000,2.000000,0.000000,0.000000,,,,,,
1396293895.886,,,,,,,0.000000,0.000000,0.545067,1.002811,0.000000,0.000000
1396293895.905,0.000000,0.000000,0.000000,2.000000,0.000000,0.000000,,,,,,
1396293895.935,0.000000,0.000000,0.000000,2.000000,0.000000,0.000000,,,,,,
1396293895.965,0.000000,0.000000,0.000000,2.000000,0.000000,0.000000,,,,,,
1396293895.986,,,,,,,0.000000,0.000000,0.466204,1.047004,0.000000,0.000000
1396293895.995,0.000000,0.000000,0.000000,2.000000,0.000000,0.000000,,,,,,
1396293896.025,0.000000,0.000000,0.000000,2.000000,0.000000,0.000000,,,,,,
1396293896.055,0.000000,0.000000,0.000000,2.000000,0.000000,0.000000,,,,,,
1396293896.085,0.000000,0.000000,0.000000,2.000000,0.000000,0.000000,,,,,,
1396293896.086,,,,,,,0.000000,0.000000,0.399521,1.089798,0.000000,0.000000
1396293896.115,0.000000,0.000000,0.000000,2.000000,0.000000,0.000000,,,,,,
1396293896.146,0.000000,0.000000,0.000000,2.000000,0.000000,0.000000,,,,,,
1396293896.176,0.000000,0.000000,0.000000,2.000000,0.000000,0.000000,,,,,,
1396293896.185,,,,,,,0.000000,0.000000,0.332646,1.137980,0.000000,0.000000
1396293896.206,0.000000,0.000000,0.000000,2.000000,0.000000,0.000000,,,,,,
1396293896.236,0.000000,0.000000,0.000000,2.000000,0.000000,0.000000,,,,,,
1396293896.266,0.000000,0.000000,0.000000,2.000000,0.000000,0.000000,,,,,,
1396293896.286,,,,,,,0.000000,0.000000,0.287686,1.177466,0.000000,0.000000
1396293896.296,0.000000,0.000000,0.000000,2.000000,0.000000,0.000000,,,,,,
1396293896.326,0.000000,0.000000,0.000000,2.000000,0.000000,0.000000,,,,,,
1396293896.357,0.000000,0.000000,0.000000,2.000000,0.000000,0.000000,,,,,,
1396293896.386,,,,,,,0.000000,0.000000,0.249782,1.215371,0.000000,0.000000
1396293896.387,0.000000,0.000000,0.000000,2.000000,0.000000,0.000000,,,,,,
1396293896.417,0.000000,0.000000,0.000000,2.000000,0.000000,0.000000,,,,,,
1396293896.449,0.000000,0.000000,0.000000,2.000000,0.000000,0.000000,,,,,,
1396293896.479,0.000000,0.000000,0.000000,2.000000,0.000000,0.000000,,,,,,
1396293896.486,,,,,,,0.000000,0.000000,0.217798,1.251697,0.000000,0.000000
1396293896.509,0.000000,0.000000,0.000000,2.000000,0.000000,0.000000,,,,,,
1396293896.539,0.000000,0.000000,0.000000,2.000000,0.000000,0.000000,,,,,,
1396293896.569,0.000000,0.000000,0.000000,2.000000,0.000000,0.000000,,,,,,
1396293896.586,,,,,,,0.000000,0.000000,0.185606,1.292345,0.000000,0.000000
1396293896.600,0.000000,0.000000,0.000000,2.000000,0.000000,0.000000,,,,,,
1396293896.630,0.000000,0.000000,0.000000,2.000000,0.000000,0.000000,,,,,,
1396293896.660,0.000000,0.000000,0.000000,2.000000,0.000000,0.000000,,,,,,
1396293896.686,,,,,,,0.000000,0.000000,0.163671,1.325366,0.000000,0.000000
1396293896.692,0.000000,0.000000,0.000000,2.000000,0.000000,0.000000,,,,,,
1396293896.722,0.000000,0.000000,0.000000,2.000000,0.000000,0.000000,,,,,,
1396293896.752,0.000000,0.000000,0.000000,2.000000,0.000000,0.000000,,,,,,
1396293896.782,0.000000,0.000000,0.000000,2.000000,0.000000,0.000000,,,,,,
1396293896.786,,,,,,,0.000000,0.000000,0.144960,1.357032,0.000000,0.000000
1396293896.812,0.000000,0.000000,0.000000,2.000000,0.000000,0.000000,,,,,,
1396293896.842,0.000000,0.000000,0.000000,2.000000,0.000000,0.000000,,,,,,
1396293896.872,0.000000,0.000000,0.000000,2.000000,0.000000,0.000000,,,,,,
1396293896.886,,,,,,,0.000000,0.000000,0.128928,1.387308,0.000000,0.000000
1396293896.903,0.000000,0.000000,0.000000,2.000000,0.000000,0.000000,,,,,,
1396293896.933,0.000000,0.000000,0.000000,2.000000,0.000000,0.000000,,,,,,
1396293896.965,0.000000,0.000000,0.000000,2.000000,0.000000,0.000000,,,,,,
1396293896.985,,,,,,,0.000000,0.000000,0.112349,1.420934,0.000000,0.000000
1396293896.995,0.000000,0.000000,0.000000,2.000000,0.000000,0.000000,,,,,,
1396293897.025,0.000000,0.000000,0.000000,2.000000,0.000000,0.000000,,,,,,
1396293897.057,0.000000,0.000000,0.000000,2.000000,0.000000,0.000000,,,,,,
1396293897.086,,,,,,,0.000000,0.000000,0.100858,1.448289,0.000000,0.000000
1396293897.087,0.000000,0.000000,0.000000,2.000000,0.000000,0.000000,,,,,,
1396293897.117,0.000000,0.000000,0.000000,2.000000,0.000000,0.000000,,,,,,
1396293897.148,0.000000,0.000000,0.000000,2.000000,0.000000,0.000000,,,,,,
1396293897.178,0.000000,0.000000,0.000000,2.000000,0.000000,0.000000,,,,,,
1396293897.185,,,,,,,0.000000,0.000000,0.090812,1.474366,0.000000,0.000000
1396293897.208,0.000000,0.000000,0.000000,2.000000,0.000000,0.000000,,,,,,
1396293897.239,0.000000,0.000000,0.000000,2.000000,0.000000,0.000000,,,,,,
1396293897.269,0.000000,0.000000,0.000000,2.000000,0.000000,0.000000,,,,,,
1396293897.286,,,,,,,0.000000,0.000000,0.082030,1.499272,0.000000,0.000000
1396293897.300,0.000000,0.000000,0.000000,2.000000,0.000000,0.000000,,,,,,
1396293897.331,0.000000,0.000000,0.000000,2.000000,0.000000,0.000000,,,,,,
1396293897.361,0.000000,0.000000,0.000000,2.000000,0.000000,0.000000,,,,,,
1396293897.386,,,,,,,0.000000,0.000000,0.072799,1.526988,0.000000,0.000000
1396293897.392,0.000000,0.000000,0.000000,2.000000,0.000000,0.000000,,,,,,
1396293897.422,0.000000,0.000000,0.000000,2.000000,0.000000,0.000000,,,,,,
1396293897.452,0.000000,0.000000,0.000000,2.000000,0.000000,0.000000,,,,,,
1396293897.482,0.000000,0.000000,0.000000,2.000000,0.000000,0.000000,,,,,,
1396293897.486,,,,,,,0.000000,0.000000,0.066237,1.549482,0.000000,0.000000
1396293897.513,0.000000,0.000000,0.000000,2.000000,0.000000,0.000000,,,,,,
1396293897.543,0.000000,0.000000,0.000000,2.000000,0.000000,0.000000,,,,,,
1396293897.574,0.000000,0.000000,0.000000,2.000000,0.000000,0.000000,,,,,,
1396293897.586,,,,,,,0.000000,0.000000,0.060359,1.570798,0.000000,0.000000
1396293897.604,0.000000,0.000000,0.000000,2.000000,0.000000,0.000000,,,,,,
1396293897.634,0.000000,0.000000,0.000000,2.000000,0.000000,0.000000,,,,,,
1396293897.664,0.000000,0.000000,0.000000,2.000000,0.000000,0.000000,,,,,,
1396293897.686,,,,,,,0.000000,0.000000,0.055188,1.591352,0.000000,0.000000
1396293897.695,0.000000,0.000000,0.000000,2.000000,0.000000,0.000000,,,,,,
1396293897.725,0.000000,0.000000,0.000000,2.000000,0.000000,0.000000,,,,,,
1396293897.756,0.000000,0.000000,0.000000,2.000000,0.000000,0.000000,,,,,,
1396293897.786,,,,,,,0.000000,0.000000,0.049574,1.613935,0.000000,0.000000
1396293897.787,0.000000,0.000000,0.000000,2.000000,0.000000,0.000000,,,,,,
1396293897.816,0.000000,0.000000,0.000000,2.000000,0.000000,0.000000,,,,,,
1396293897.846,0.000000,0.000000,0.000000,2.000000,0.000000,0.000000,,,,,,
1396293897.876,0.000000,0.000000,0.000000,2.000000,0.000000,0.000000,,,,,,
1396293897.885,,,,,,,0.000000,0.000000,0.045542,1.632327,0.000000,0.000000
1396293897.907,0.000000,0.000000,0.000000,2.000000,0.000000,0.000000,,,,,,
1396293897.918,0.000000,0.000000,2.000000,0.000000,0.000000,0.000000,,,,,,
1396293897.986,,,,,,,0.000000,0.000000,0.034030,1.586000,0.000000,0.000000
1396293898.086,,,,,,,0.000000,0.000000,0.022284,1.509825,0.000000,0.000000
1396293898.186,,,,,,,0.000000,0.000000,0.013289,1.425316,0.000000,0.000000
1396293898.286,,,,,,,0.000000,0.000000,0.008703,1.356885,0.000000,0.000000
1396293898.386,,,,,,,0.000000,0.000000,0.005702,1.291764,0.000000,0.000000
1396293898.419,0.000000,0.000000,2.000000,0.000000,0.000000,0.000000,,,,,,
1396293898.450,0.000000,0.000000,2.000000,0.000000,0.000000,0.000000,,,,,,
1396293898.481,0.000000,0.000000,2.000000,0.000000,0.000000,0.000000,,,,,,
1396293898.486,,,,,,,0.000000,0.000000,0.003734,1.229734,0.000000,0.000000
1396293898.512,0.000000,0.000000,2.000000,0.000000,0.000000,0.000000,,,,,,
1396293898.542,0.000000,0.000000,2.000000,0.000000,0.000000,0.000000,,,,,,
1396293898.572,0.000000,0.000000,2.000000,0.000000,0.000000,0.000000,,,,,,
1396293898.586,,,,,,,0.000000,0.000000,0.002226,1.160860,0.000000,0.000000
1396293898.602,0.000000,0.000000,2.000000,0.000000,0.000000,0.000000,,,,,,
1396293898.630,0.000000,0.000000,0.000000,2.000000,0.000000,0.000000,,,,,,
1396293898.686,,,,,,,0.000000,0.000000,0.229874,1.114238,0.000000,0.000000
1396293898.758,0.000000,0.000000,0.000000,2.000000,0.000000,0.000000,,,,,,
1396293898.786,,,,,,,0.000000,0.000000,0.500888,1.081337,0.000000,0.000000
1396293898.886,,,,,,,0.000000,0.000000,0.678601,1.058877,0.000000,0.000000
1396293898.985,,,,,,,0.000000,0.000000,0.806413,1.044795,0.000000,0.000000
1396293899.086,,,,,,,0.000000,0.000000,0.857376,1.042151,0.000000,0.000000
1396293899.186,,,,,,,0.000000,0.000000,0.872813,1.046931,0.000000,0.000000
1396293899.258,0.000000,0.000000,0.000000,2.000000,0.000000,0.000000,,,,,,
1396293899.286,,,,,,,0.000000,0.000000,0.861905,1.057959,0.000000,0.000000
1396293899.289,0.000000,0.000000,0.000000,2.000000,0.000000,0.000000,,,,,,
1396293899.319,0.000000,0.000000,0.000000,2.000000,0.000000,0.000000,,,,,,
1396293899.350,0.000000,0.000000,0.000000,2.000000,0.000000,0.000000,,,,,,
1396293899.381,0.000000,0.000000,0.000000,2.000000,0.000000,0.000000,,,,,,
1396293899.386,,,,,,,0.000000,0.000000,0.824542,1.077229,0.000000,0.000000
1396293899.411,0.000000,0.000000,0.000000,2.000000,0.000000,0.000000,,,,,,
1396293899.442,0.000000,0.000000,0.000000,2.000000,0.000000,0.000000,,,,,,
1396293899.473,0.000000,0.000000,0.000000,2.000000,0.000000,0.000000,,,,,,
1396293899.486,,,,,,,0.000000,0.000000,0.780630,1.097952,0.000000,0.000000
1396293899.503,0.000000,0.000000,0.000000,2.000000,0.000000,0.000000,,,,,,
1396293899.534,0.000000,0.000000,0.000000,2.000000,0.000000,0.000000,,,,,,
1396293899.564,0.000000,0.000000,0.000000,2.000000,0.000000,0.000000,,,,,,
1396293899.586,,,,,,,0.000000,0.000000,0.729329,1.121589,0.000000,0.000000
1396293899.594,0.000000,0.000000,0.000000,2.000000,0.000000,0.000000,,,,,,
1396293899.624,0.000000,0.000000,0.000000,2.000000,0.000000,0.000000,,,,,,
1396293899.655,0.000000,0.000000,0.000000,2.000000,0.000000,0.000000,,,,,,
1396293899.685,0.000000,0.000000,0.000000,2.000000,0.000000,0.000000,,,,,,
1396293899.686,,,,,,,0.000000,0.000000,0.674544,1.147373,0.000000,0.000000
1396293899.715,0.000000,0.000000,0.000000,2.000000,0.000000,0.000000,,,,,,
1396293899.745,0.000000,0.000000,0.000000,2.000000,0.000000,0.000000,,,,,,
1396293899.776,0.000000,0.000000,0.000000,2.000000,0.000000,0.000000,,,,,,
1396293899.786,,,,,,,0.000000,0.000000,0.607695,1.179407,0.000000,0.000000
1396293899.806,0.000000,0.000000,0.000000,2.000000,0.000000,0.000000,,,,,,
1396293899.836,0.000000,0.000000,0.000000,2.000000,0.000000,0.000000,,,,,,
1396293899.866,0.000000,0.000000,0.000000,2.000000,0.000000,0.000000,,,,,,
1396293899.886,,,,,,,0.000000,0.000000,0.554559,1.207708,0.000000,0.000000
1396293899.897,0.000000,0.000000,0.000000,2.000000,0.000000,0.000000,,,,,,
1396293899.927,0.000000,0.000000,0.000000,2.000000,0.000000,0.000000,,,,,,
1396293899.957,0.000000,0.000000,0.000000,2.000000,0.000000,0.000000,,,,,,
1396293899.986,,,,,,,0.000000,0.000000,0.503887,1.236420,0.000000,0.000000
1396293899.988,0.000000,0.000000,0.000000,2.000000,0.000000,0.000000,,,,,,
1396293900.019,0.000000,0.000000,0.000000,2.000000,0.000000,0.000000,,,,,,
1396293900.050,0.000000,0.000000,0.000000,2.000000,0.000000,0.000000,,,,,,
1396293900.081,0.000000,0.000000,0.000000,2.000000,0.000000,0.000000,,,,,,
1396293900.086,,,,,,,0.000000,0.000000,0.456639,1.265306,0.000000,0.000000
1396293900.111,0.000000,0.000000,0.000000,2.000000,0.000000,0.000000,,,,,,
1396293900.142,0.000000,0.000000,0.000000,2.000000,0.000000,0.000000,,,,,,
1396293900.172,0.000000,0.000000,0.000000,2.000000,0.000000,0.000000,,,,,,
1396293900.186,,,,,,,0.000000,0.000000,0.404323,1.298841,0.000000,0.000000
1396293900.202,0.000000,0.000000,0.000000,2.000000,0.000000,0.000000,,,,,,
1396293900.233,0.000000,0.000000,0.000000,2.000000,0.000000,0.000000,,,,,,
1396293900.263,0.000000,0.000000,0.000000,2.000000,0.000000,0.000000,,,,,,
1396293900.286,,,,,,,0.000000,0.000000,0.365816,1.327117,0.000000,0.000000
1396293900.294,0.000000,0.000000,0.000000,2.000000,0.000000,0.000000,,,,,,
1396293900.325,0.000000,0.000000,0.000000,2.000000,0.000000,0.000000,,,,,,
1396293900.356,0.000000,0.000000,0.000000,2.000000,0.000000,0.000000,,,,,,
1396293900.386,,,,,,,0.000000,0.000000,0.330832,1.354861,0.000000,0.000000
1396293900.387,0.000000,0.000000,0.000000,2.000000,0.000000,0.000000,,,,,,
1396293900.418,0.000000,0.000000,0.000000,2.000000,0.000000,0.000000,,,,,,
1396293900.448,0.000000,0.000000,0.000000,2.000000,0.000000,0.000000,,,,,,
1396293900.478,0.000000,0.000000,0.000000,2.000000,0.000000,0.000000,,,,,,
1396293900.486,,,,,,,0.000000,0.000000,0.299209,1.381918,0.000000,0.000000
1396293900.508,0.000000,0.000000,0.000000,2.000000,0.000000,0.000000,,,,,,
1396293900.538,0.000000,0.000000,0.000000,2.000000,0.000000,0.000000,,,,,,
1396293900.569,0.000000,0.000000,0.000000,2.000000,0.000000,0.000000,,,,,,
1396293900.586,,,,,,,0.000000,0.000000,0.265229,1.412686,0.000000,0.000000
1396293900.599,0.000000,0.000000,0.000000,2.000000,0.000000,0.000000,,,,,,
1396293900.629,0.000000,0.000000,0.000000,2.000000,0.000000,0.000000,,,,,,
1396293900.660,0.000000,0.000000,0.000000,2.000000,0.000000,0.000000,,,,,,
1396293900.686,,,,,,,0.000000,0.000000,0.240665,1.438147,0.000000,0.000000
1396293900.690,0.000000,0.000000,0.000000,2.000000,0.000000,0.000000,,,,,,
1396293900.722,0.000000,0.000000,0.000000,2.000000,0.000000,0.000000,,,,,,
1396293900.752,0.000000,0.000000,0.000000,2.000000,0.000000,0.000000,,,,,,
1396293900.783,0.000000,0.000000,0.000000,2.000000,0.000000,0.000000,,,,,,
1396293900.785,,,,,,,0.000000,0.000000,0.218563,1.462746,0.000000,0.000000
1396293900.813,0.000000,0.000000,0.000000,2.000000,0.000000,0.000000,,,,,,
1396293900.844,0.000000,0.000000,0.000000,2.000000,0.000000,0.000000,,,,,,
1396293900.874,0.000000,0.000000,0.000000,2.000000,0.000000,0.000000,,,,,,
1396293900.886,,,,,,,0.000000,0.000000,0.198748,1.486511,0.000000,0.000000
1396293900.905,0.000000,0.000000,0.000000,2.000000,0.000000,0.000000,,,,,,
1396293900.935,0.000000,0.000000,0.000000,2.000000,0.000000,0.000000,,,,,,
1396293900.967,0.000000,0.000000,0.000000,2.000000,0.000000,0.000000,,,,,,
1396293900.985,,,,,,,0.000000,0.000000,0.177499,1.513254,0.000000,0.000000
1396293900.997,0.000000,0.000000,0.000000,2.000000,0.000000,0.000000,,,,,,
1396293901.029,0.000000,0.000000,0.000000,2.000000,0.000000,0.000000,,,,,,
1396293901.059,0.000000,0.000000,0.000000,2.000000,0.000000,0.000000,,,,,,
1396293901.086,,,,,,,0.000000,0.000000,0.162061,1.535080,0.000000,0.000000
1396293901.089,0.000000,0.000000,0.000000,2.000000,0.000000,0.000000,,,,,,
1396293901.119,0.000000,0.000000,0.000000,2.000000,0.000000,0.000000,,,,,,
1396293901.150,0.000000,0.000000,0.000000,2.000000,0.000000,0.000000,,,,,,
1396293901.180,0.000000,0.000000,0.000000,2.000000,0.000000,0.000000,,,,,,
1396293901.186,,,,,,,0.000000,0.000000,0.148212,1.556157,0.000000,0.000000
1396293901.210,0.000000,0.000000,0.000000,2.000000,0.000000,0.000000,,,,,,
1396293901.241,0.000000,0.000000,0.000000,2.000000,0.000000,0.000000,,,,,,
1396293901.271,0.000000,0.000000,0.000000,2.000000,0.000000,0.000000,,,,,,
1396293901.286,,,,,,,0.000000,0.000000,0.135717,1.576367,0.000000,0.000000
1396293901.301,0.000000,0.000000,0.000000,2.000000,0.000000,0.000000,,,,,,
1396293901.331,0.000000,0.000000,0.000000,2.000000,0.000000,0.000000,,,,,,
1396293901.361,0.000000,0.000000,0.000000,2.000000,0.000000,0.000000,,,,,,
1396293901.386,,,,,,,0.000000,0.000000,0.122226,1.598967,0.000000,0.000000
1396293901.391,0.000000,0.000000,0.000000,2.000000,0.000000,0.000000,,,,,,
1396293901.422,0.000000,0.000000,0.000000,2.000000,0.000000,0.000000,,,,,,
1396293901.452,0.000000,0.000000,0.000000,2.000000,0.000000,0.000000,,,,,,
1396293901.482,0.000000,0.000000,0.000000,2.000000,0.000000,0.000000,,,,,,
1396293901.486,,,,,,,0.000000,0.000000,0.112393,1.617423,0.000000,0.000000
1396293901.513,0.000000,0.000000,0.000000,2.000000,0.000000,0.000000,,,,,,
1396293901.543,0.000000,0.000000,0.000000,2.000000,0.000000,0.000000,,,,,,
1396293901.574,0.000000,0.000000,0.000000,2.000000,0.000000,0.000000,,,,,,
1396293901.586,,,,,,,0.000000,0.000000,0.103448,1.635063,0.000000,0.000000
1396293901.604,0.000000,0.000000,0.000000,2.000000,0.000000,0.000000,,,,,,
1396293901.635,0.000000,0.000000,0.000000,2.000000,0.000000,0.000000,,,,,,
1396293901.666,0.000000,0.000000,0.000000,2.000000,0.000000,0.000000,,,,,,
1396293901.686,,,,,,,0.000000,0.000000,0.095337,1.651961,0.000000,0.000000
1396293901.696,0.000000,0.000000,0.000000,2.000000,0.000000,0.000000,,,,,,
1396293901.726,0.000000,0.000000,0.000000,2.000000,0.000000,0.000000,,,,,,
1396293901.756,0.000000,0.000000,0.000000,2.000000,0.000000,0.000000,,,,,,
1396293901.786,,,,,,,0.000000,0.000000,0.086515,1.670824,0.000000,0.000000
1396293901.787,0.000000,0.000000,0.000000,2.000000,0.000000,0.000000,,,,,,
1396293901.816,0.000000,0.000000,0.000000,2.000000,0.000000,0.000000,,,,,,
1396293901.846,0.000000,0.000000,0.000000,2.000000,0.000000,0.000000,,,,,,
1396293901.876,0.000000,0.000000,0.000000,2.000000,0.000000,0.000000,,,,,,
1396293901.886,,,,,,,0.000000,0.000000,0.080011,1.686143,0.000000,0.000000
1396293901.906,0.000000,0.000000,0.000000,2.000000,0.000000,0.000000,,,,,,
1396293901.936,0.000000,0.000000,0.000000,2.000000,0.000000,0.000000,,,,,,
1396293901.966,0.000000,0.000000,0.000000,2.000000,0.000000,0.000000,,,,,,
1396293901.986,,,,,,,0.000000,0.000000,0.074072,1.700822,0.000000,0.000000
1396293901.996,0.000000,0.000000,0.000000,2.000000,0.000000,0.000000,,,,,,
1396293902.026,0.000000,0.000000,0.000000,2.000000,0.000000,0.000000,,,,,,
1396293902.056,0.000000,0.000000,0.000000,2.000000,0.000000,0.000000,,,,,,
1396293902.086,,,,,,,0.000000,0.000000,0.068631,1.714828,0.000000,0.000000
1396293902.087,0.000000,0.000000,0.000000,2.000000,0.000000,0.000000,,,,,,
1396293902.117,0.000000,0.000000,0.000000,2.000000,0.000000,0.000000,,,,,,
1396293902.147,0.000000,0.000000,0.000000,2.000000,0.000000,0.000000,,,,,,
1396293902.178,0.000000,0.000000,0.000000,2.000000,0.000000,0.000000,,,,,,
1396293902.186,,,,,,,0.000000,0.000000,0.062659,1.730405,0.000000,0.000000
1396293902.209,0.000000,0.000000,0.000000,2.000000,0.000000,0.000000,,,,,,
1396293902.240,0.000000,0.000000,0.000000,2.000000,0.000000,0.000000,,,,,,
1396293902.270,0.000000,0.000000,0.000000,2.000000,0.000000,0.000000,,,,,,
1396293902.286,,,,,,,0.000000,0.000000,0.058227,1.743054,0.000000,0.000000
1396293902.300,0.000000,0.000000,0.000000,2.000000,0.000000,0.000000,,,,,,
1396293902.330,0.000000,0.000000,0.000000,2.000000,0.000000,0.000000,,,,,,
1396293902.360,0.000000,0.000000,0.000000,2.000000,0.000000,0.000000,,,,,,
1396293902.386,,,,,,,0.000000,0.000000,0.054154,1.755198,0.000000,0.000000
1396293902.392,0.000000,0.000000,0.000000,2.000000,0.000000,0.000000,,,,,,
1396293902.422,0.000000,0.000000,0.000000,2.000000,0.000000,0.000000,,,,,,
1396293902.452,0.000000,0.000000,0.000000,2.000000,0.000000,0.000000,,,,,,
1396293902.482,0.000000,0.000000,0.000000,2.000000,0.000000,0.000000,,,,,,
1396293902.486,,,,,,,0.000000,0.000000,0.050377,1.766635,0.000000,0.000000
1396293902.512,0.000000,0.000000,0.000000,2.000000,0.000000,0.000000,,,,,,
1396293902.543,0.000000,0.000000,0.000000,2.000000,0.000000,0.000000,,,,,,
1396293902.573,0.000000,0.000000,0.000000,2.000000,0.000000,0.000000,,,,,,
1396293902.586,,,,,,,0.000000,0.000000,0.046243,1.779578,0.000000,0.000000
1396293902.603,0.000000,0.000000,0.000000,2.000000,0.000000,0.000000,,,,,,
1396293902.686,,,,,,,0.000000,0.000000,0.043137,1.790020,0.000000,0.000000
1396293902.786,,,,,,,0.000000,0.000000,0.040252,1.799946,0.000000,0.000000
1396293902.886,,,,,,,0.000000,0.000000,0.037584,1.809427,0.000000,0.000000
1396293902.982,0.000000,0.000000,0.000000,-2.000000,0.000000,0.000000,,,,,,
1396293902.986,,,,,,,0.000000,0.000000,0.031308,1.788146,0.000000,0.000000
1396293903.086,,,,,,,0.000000,0.000000,0.009230,1.606295,0.000000,0.000000
1396293903.186,,,,,,,0.000000,0.000000,-0.007300,1.433327,0.000000,0.000000
1396293903.286,,,,,,,0.000000,0.000000,-0.020891,1.268681,0.000000,0.000000
1396293903.385,,,,,,,0.000000,0.000000,-0.036170,1.085833,0.000000,0.000000
1396293903.482,0.000000,0.000000,0.000000,-2.000000,0.000000,0.000000,,,,,,
1396293903.486,,,,,,,0.000000,0.000000,-0.049794,0.937930,0.000000,0.000000
1396293903.512,0.000000,0.000000,0.000000,-2.000000,0.000000,0.000000,,,,,,
1396293903.544,0.000000,0.000000,0.000000,-2.000000,0.000000,0.000000,,,,,,
1396293903.575,0.000000,0.000000,0.000000,-2.000000,0.000000,0.000000,,,,,,
1396293903.586,,,,,,,0.000000,0.000000,-0.066694,0.797191,0.000000,0.000000
1396293903.605,0.000000,0.000000,0.000000,-2.000000,0.000000,0.000000,,,,,,
1396293903.635,0.000000,0.000000,0.000000,-2.000000,0.000000,0.000000,,,,,,
1396293903.665,0.000000,0.000000,0.000000,-2.000000,0.000000,0.000000,,,,,,
1396293903.686,,,,,,,0.000000,0.000000,-0.089955,0.663266,0.000000,0.000000
1396293903.696,0.000000,0.000000,0.000000,-2.000000,0.000000,0.000000,,,,,,
1396293903.726,0.000000,0.000000,0.000000,-2.000000,0.000000,0.000000,,,,,,
1396293903.758,0.000000,0.000000,0.000000,-2.000000,0.000000,0.000000,,,,,,
1396293903.786,,,,,,,0.000000,0.000000,-0.134031,0.514732,0.000000,0.000000
1396293903.788,0.000000,0.000000,0.000000,-2.000000,0.000000,0.000000,,,,,,
1396293903.818,0.000000,0.000000,0.000000,-2.000000,0.000000,0.000000,,,,,,
1396293903.848,0.000000,0.000000,0.000000,-2.000000,0.000000,0.000000,,,,,,
1396293903.879,0.000000,0.000000,0.000000,-2.000000,0.000000,0.000000,,,,,,
1396293903.886,,,,,,,0.000000,0.000000,-0.198379,0.394825,0.000000,0.000000
1396293903.909,0.000000,0.000000,0.000000,-2.000000,0.000000,0.000000,,,,,,
1396293903.940,0.000000,0.000000,0.000000,-2.000000,0.000000,0.000000,,,,,,
1396293903.970,0.000000,0.000000,0.000000,-2.000000,0.000000,0.000000,,,,,,
1396293903.986,,,,,,,0.000000,0.000000,-0.325468,0.281171,0.000000,0.000000
1396293904.001,0.000000,0.000000,0.000000,-2.000000,0.000000,0.000000,,,,,,
1396293904.032,0.000000,0.000000,0.000000,-2.000000,0.000000,0.000000,,,,,,
1396293904.063,0.000000,0.000000,0.000000,-2.000000,0.000000,0.000000,,,,,,
1396293904.086,,,,,,,0.000000,0.000000,-0.641320,0.174573,0.000000,0.000000
1396293904.093,0.000000,0.000000,0.000000,-2.000000,0.000000,0.000000,,,,,,
1396293904.124,0.000000,0.000000,0.000000,-2.000000,0.000000,0.000000,,,,,,
1396293904.154,0.000000,0.000000,0.000000,-2.000000,0.000000,0.000000,,,,,,
1396293904.184,0.000000,0.000000,0.000000,-2.000000,0.000000,0.000000,,,,,,
1396293904.186,,,,,,,0.000000,0.000000,-2.505619,0.067442,0.000000,0.000000
1396293904.214,0.000000,0.000000,0.000000,-2.000000,0.000000,0.000000,,,,,,
1396293904.244,0.000000,0.000000,0.000000,-2.000000,0.000000,0.000000,,,,,,
1396293904.274,0.000000,0.000000,0.000000,-2.000000,0.000000,0.000000,,,,,,
1396293904.286,,,,,,,0.000000,0.000000,-7.796723,0.073029,0.000000,0.000000
1396293904.386,,,,,,,0.000000,0.000000,-6.568721,0.159119,0.000000,0.000000
1396293904.406,0.000000,0.000000,0.000000,2.000000,0.000000,0.000000,,,,,,
1396293904.486,,,,,,,0.000000,0.000000,-3.568388,0.096417,0.000000,0.000000
1396293904.585,,,,,,,0.000000,0.000000,5.273889,0.043169,0.000000,0.000000
1396293904.686,,,,,,,0.000000,0.000000,5.882052,0.127243,0.000000,0.000000
1396293904.786,,,,,,,0.000000,0.000000,4.168438,0.219625,0.000000,0.000000
1396293904.886,,,,,,,0.000000,0.000000,2.816325,0.308294,0.000000,0.000000
1396293904.985,,,,,,,0.000000,0.000000,1.703244,0.405455,0.000000,0.000000
1396293905.086,,,,,,,0.000000,0.000000,1.118125,0.483116,0.000000,0.000000
1396293905.186,,,,,,,0.000000,0.000000,0.727226,0.556521,0.000000,0.000000
1396293905.286,,,,,,,0.000000,0.000000,0.468386,0.626062,0.000000,0.000000
1396293905.382,0.000000,0.000000,0.000000,2.000000,0.000000,0.000000,,,,,,
1396293905.385,,,,,,,0.000000,0.000000,0.268927,0.703171,0.000000,0.000000
1396293905.486,,,,,,,0.000000,0.000000,0.168067,0.765458,0.000000,0.000000
1396293905.585,,,,,,,0.000000,0.000000,0.102759,0.824693,0.000000,0.000000
1396293905.686,,,,,,,0.000000,0.000000,0.060814,0.881162,0.000000,0.000000
1396293905.786,,,,,,,0.000000,0.000000,0.029600,0.943788,0.000000,0.000000
1396293905.790,0.000000,0.000000,-2.000000,0.000000,0.000000,0.000000,,,,,,
1396293905.886,,,,,,,0.000000,0.000000,0.019400,0.898531,0.000000,0.000000
1396293905.986,,,,,,,0.000000,0.000000,0.012702,0.855382,0.000000,0.000000
1396293906.006,0.000000,0.000000,-2.000000,0.000000,0.000000,0.000000,,,,,,
1396293906.086,,,,,,,0.000000,0.000000,0.008318,0.814309,0.000000,0.000000
1396293906.185,,,,,,,0.000000,0.000000,0.004961,0.768721,0.000000,0.000000
1396293906.286,,,,,,,0.000000,0.000000,0.003249,0.731820,0.000000,0.000000
1396293906.386,,,,,,,0.000000,0.000000,0.002129,0.696687,0.000000,0.000000
1396293906.486,,,,,,,0.000000,0.000000,0.001394,0.663255,0.000000,0.000000
1396293906.586,,,,,,,0.000000,0.000000,0.000832,0.626108,0.000000,0.000000
1396293906.686,,,,,,,0.000000,0.000000,0.000543,0.596046,0.000000,0.000000
1396293906.786,,,,,,,0.000000,0.000000,0.000357,0.567444,0.000000,0.000000
1396293906.886,,,,,,,0.000000,0.000000,0.000234,0.540215,0.000000,0.000000
1396293906.986,,,,,,,0.000000,0.000000,0.000139,0.509956,0.000000,0.000000
1396293907.085,,,,,,,0.000000,0.000000,0.000091,0.485468,0.000000,0.000000
1396293907.186,,,,,,,0.000000,0.000000,0.000060,0.462166,0.000000,0.000000
1396293907.286,,,,,,,0.000000,0.000000,0.000040,0.439984,0.000000,0.000000
1396293907.385,,,,,,,0.000000,0.000000,0.000022,0.415343,0.000000,0.000000
1396293907.485,,,,,,,0.000000,0.000000,0.000016,0.395406,0.000000,0.000000
1396293907.586,,,,,,,0.000000,0.000000,0.000010,0.376431,0.000000,0.000000
1396293907.686,,,,,,,0.000000,0.000000,0.000007,0.358363,0.000000,0.000000
1396293907.785,,,,,,,0.000000,0.000000,0.000003,0.338290,0.000000,0.000000
1396293907.885,,,,,,,0.000000,0.000000,0.000002,0.322052,0.000000,0.000000
1396293907.986,,,,,,,0.000000,0.000000,0.000002,0.306593,0.000000,0.000000
1396293908.086,,,,,,,0.000000,0.000000,0.000002,0.291884,0.000000,0.000000
1396293908.186,,,,,,,0.000000,0.000000,-0.000000,0.275533,0.000000,0.000000
1396293908.286,,,,,,,0.000000,0.000000,0.000001,0.262306,0.000000,0.000000
1396293908.385,,,,,,,0.000000,0.000000,-0.000000,0.249715,0.000000,0.000000
1396293908.486,,,,,,,0.000000,0.000000,0.000000,0.237729,0.000000,0.000000
1396293908.585,,,,,,,0.000000,0.000000,-0.000000,0.224416,0.000000,0.000000
1396293908.685,,,,,,,0.000000,0.000000,0.000001,0.213644,0.000000,0.000000
1396293908.786,,,,,,,0.000000,0.000000,-0.000000,0.203390,0.000000,0.000000
1396293908.886,,,,,,,0.000000,0.000000,0.000000,0.193626,0.000000,0.000000
1396293908.985,,,,,,,0.000000,0.000000,-0.000000,0.182783,0.000000,0.000000
1396293909.086,,,,,,,0.000000,0.000000,0.000000,0.174010,0.000000,0.000000
1396293909.186,,,,,,,0.000000,0.000000,0.000000,0.165657,0.000000,0.000000
1396293909.286,,,,,,,0.000000,0.000000,0.000000,0.157708,0.000000,0.000000
1396293909.385,,,,,,,0.000000,0.000000,0.000000,0.148876,0.000000,0.000000
1396293909.486,,,,,,,0.000000,0.000000,-0.000000,0.141728,0.000000,0.000000
